<archive xmlns="http://rs.tdwg.org/dwc/text/">
	<core encoding="UTF-8" linesTerminatedBy="\n" fieldsTerminatedBy="\t" fieldsEnclosedBy="&quot;" ignoreHeaderLines="1" rowType="http://rs.tdwg.org/dwc/terms/Occurrence">
	<files>
			<location>occurrence.tsv</location>
		</files>
		<id index='4' />
<field index='0' term='http://rs.tdwg.org/dwc/terms/identifier'/>
<field index='1' term='http://rs.tdwg.org/dwc/terms/basisOfRecord'/>
<field index='2' term='http://rs.tdwg.org/dwc/terms/identificationRemarks'/>
<field index='3' term='http://rs.tdwg.org/dwc/terms/occurrenceID'/>
<field index='4' term='http://rs.tdwg.org/dwc/terms/individualCount'/>
<field index='5' term='http://rs.tdwg.org/dwc/terms/recordedBy'/>
<field index='6' term='http://rs.tdwg.org/dwc/terms/preparations'/>
<field index='7' term='http://rs.tdwg.org/dwc/terms/eventID'/>
<field index='8' term='http://rs.tdwg.org/dwc/terms/eventDate'/>
<field index='9' term='http://rs.tdwg.org/dwc/terms/year'/>
<field index='10' term='http://rs.tdwg.org/dwc/terms/month'/>
<field index='11' term='http://rs.tdwg.org/dwc/terms/day'/>
<field index='12' term='http://rs.tdwg.org/dwc/terms/samplingProtocol'/>
<field index='13' term='http://rs.tdwg.org/dwc/terms/countryCode'/>
<field index='14' term='http://rs.tdwg.org/dwc/terms/country'/>
<field index='15' term='http://rs.tdwg.org/dwc/terms/locality'/>
<field index='16' term='http://rs.tdwg.org/dwc/terms/decimalLatitude'/>
<field index='17' term='http://rs.tdwg.org/dwc/terms/decimalLongitude'/>
<field index='18' term='http://rs.tdwg.org/dwc/terms/geodeticDatum'/>
<field index='19' term='http://rs.tdwg.org/dwc/terms/footprintWKT'/>
<field index='20' term='http://rs.tdwg.org/dwc/terms/taxonConceptID'/>
<field index='21' term='http://rs.tdwg.org/dwc/terms/scientificName'/>
<field index='22' term='http://rs.tdwg.org/dwc/terms/nameAccordingTo'/>
<field index='23' term='http://rs.tdwg.org/dwc/terms/kingdom'/>
<field index='24' term='http://rs.tdwg.org/dwc/terms/phylum'/>
<field index='25' term='http://rs.tdwg.org/dwc/terms/class'/>
<field index='26' term='http://rs.tdwg.org/dwc/terms/order'/>
<field index='27' term='http://rs.tdwg.org/dwc/terms/family'/>
<field index='28' term='http://rs.tdwg.org/dwc/terms/genus'/>
<field index='29' term='http://rs.tdwg.org/dwc/terms/taxonRank'/>
<field index='30' term='http://rs.tdwg.org/dwc/terms/publishingCountry'/>
<field index='31' term='http://rs.tdwg.org/dwc/terms/species'/>
	</core>
</archive>
