identifier	basisOfRecord	identificationRemarks	occurrenceID	individualCount	recordedBy	preparations	eventID	eventDate	year	month	day	samplingProtocol	countryCode	country	locality	decimalLatitude	decimalLongitude	geodeticDatum	footprintWKT	taxonConceptID	scientificName	nameAccordingTo	kingdom	phylum	class	order	family	genus	taxonRank	publishingCountry	species
ASV_1-SWB	MATERIAL_SAMPLE	100% identity match with species hypothesis	AnnaR-2019-03:ASV_1-SWB	13657	Jeanette Tångrot	DNA extract	SWB	2017-06-01	2017	6	1	eDNA sampling from soil	SE	Sweden	Rya skog	57.690507238	11.8850881263	unknown	NA	SH222246.07FU	Archaeorhizomyces_finlayi	http://dx.doi.org/10.15156/BIO/SH222246.07FU	Fungi	Ascomycota	Archaeorhizomycetes	Archaeorhizomycetales	Archaeorhizomycetaceae	Archaeorhizomyces	SPECIES	SE	Archaeorhizomyces finlayi
ASV_1-SWE	MATERIAL_SAMPLE	100% identity match with species hypothesis	AnnaR-2019-03:ASV_1-SWE	396	Jeanette Tångrot	DNA extract	SWE	2017-06-01	2017	6	1	eDNA sampling from soil	SE	Sweden	Rya skog	57.690507238	11.8850881263	unknown	NA	SH222246.07FU	Archaeorhizomyces_finlayi	http://dx.doi.org/10.15156/BIO/SH222246.07FU	Fungi	Ascomycota	Archaeorhizomycetes	Archaeorhizomycetales	Archaeorhizomycetaceae	Archaeorhizomyces	SPECIES	SE	Archaeorhizomyces finlayi
ASV_1-SWO	MATERIAL_SAMPLE	100% identity match with species hypothesis	AnnaR-2019-03:ASV_1-SWO	262	Jeanette Tångrot	DNA extract	SWO	2017-06-01	2017	6	1	eDNA sampling from soil	SE	Sweden	Rya skog	57.690507238	11.8850881263	unknown	NA	SH222246.07FU	Archaeorhizomyces_finlayi	http://dx.doi.org/10.15156/BIO/SH222246.07FU	Fungi	Ascomycota	Archaeorhizomycetes	Archaeorhizomycetales	Archaeorhizomycetaceae	Archaeorhizomyces	SPECIES	SE	Archaeorhizomyces finlayi
ASV_1-USA	MATERIAL_SAMPLE	100% identity match with species hypothesis	AnnaR-2019-03:ASV_1-USA	11	Jeanette Tångrot	DNA extract	USA	2017-06-01	2017	6	1	eDNA sampling from soil	SE	Sweden	Rya skog	57.690507238	11.8850881263	unknown	NA	SH222246.07FU	Archaeorhizomyces_finlayi	http://dx.doi.org/10.15156/BIO/SH222246.07FU	Fungi	Ascomycota	Archaeorhizomycetes	Archaeorhizomycetales	Archaeorhizomycetaceae	Archaeorhizomyces	SPECIES	SE	Archaeorhizomyces finlayi
ASV_7-SWB	MATERIAL_SAMPLE	SINTAX  confidence 1.00 to genus level	AnnaR-2019-03:ASV_7-SWB	11	Jeanette Tångrot	DNA extract	SWB	2017-06-01	2017	6	1	eDNA sampling from soil	SE	Sweden	Rya skog	57.690507238	11.8850881263	unknown	NA	NA	Archaeorhizomyces	NA	Fungi	Ascomycota	Archaeorhizomycetes	Archaeorhizomycetales	Archaeorhizomycetaceae	Archaeorhizomyces	GENUS	SE	NA
ASV_7-SWE	MATERIAL_SAMPLE	SINTAX  confidence 1.00 to genus level	AnnaR-2019-03:ASV_7-SWE	1928	Jeanette Tångrot	DNA extract	SWE	2017-06-01	2017	6	1	eDNA sampling from soil	SE	Sweden	Rya skog	57.690507238	11.8850881263	unknown	NA	NA	Archaeorhizomyces	NA	Fungi	Ascomycota	Archaeorhizomycetes	Archaeorhizomycetales	Archaeorhizomycetaceae	Archaeorhizomyces	GENUS	SE	NA
ASV_7-SWO	MATERIAL_SAMPLE	SINTAX  confidence 1.00 to genus level	AnnaR-2019-03:ASV_7-SWO	2182	Jeanette Tångrot	DNA extract	SWO	2017-06-01	2017	6	1	eDNA sampling from soil	SE	Sweden	Rya skog	57.690507238	11.8850881263	unknown	NA	NA	Archaeorhizomyces	NA	Fungi	Ascomycota	Archaeorhizomycetes	Archaeorhizomycetales	Archaeorhizomycetaceae	Archaeorhizomyces	GENUS	SE	NA
ASV_3-SWB	MATERIAL_SAMPLE	SINTAX  confidence 1.00 to order level	AnnaR-2019-03:ASV_3-SWB	390	Jeanette Tångrot	DNA extract	SWB	2017-06-01	2017	6	1	eDNA sampling from soil	SE	Sweden	Rya skog	57.690507238	11.8850881263	unknown	NA	NA	Archaeorhizomycetales	NA	Fungi	Ascomycota	Archaeorhizomycetes	Archaeorhizomycetales	NA	NA	ORDER	SE	NA
ASV_4-SWB	MATERIAL_SAMPLE	SINTAX  confidence 1.00 to genus level	AnnaR-2019-03:ASV_4-SWB	887	Jeanette Tångrot	DNA extract	SWB	2017-06-01	2017	6	1	eDNA sampling from soil	SE	Sweden	Rya skog	57.690507238	11.8850881263	unknown	NA	NA	Archaeorhizomyces	NA	Fungi	Ascomycota	Archaeorhizomycetes	Archaeorhizomycetales	Archaeorhizomycetaceae	Archaeorhizomyces	GENUS	SE	NA
ASV_5-SWB	MATERIAL_SAMPLE	SINTAX  confidence 1.00 to genus level	AnnaR-2019-03:ASV_5-SWB	1121	Jeanette Tångrot	DNA extract	SWB	2017-06-01	2017	6	1	eDNA sampling from soil	SE	Sweden	Rya skog	57.690507238	11.8850881263	unknown	NA	NA	Archaeorhizomyces	NA	Fungi	Ascomycota	Archaeorhizomycetes	Archaeorhizomycetales	Archaeorhizomycetaceae	Archaeorhizomyces	GENUS	SE	NA
ASV_6-SWB	MATERIAL_SAMPLE	SINTAX  confidence 1.00 to genus level	AnnaR-2019-03:ASV_6-SWB	217	Jeanette Tångrot	DNA extract	SWB	2017-06-01	2017	6	1	eDNA sampling from soil	SE	Sweden	Rya skog	57.690507238	11.8850881263	unknown	NA	NA	Piloderma	NA	Fungi	Basidiomycota	Agaricomycetes	Atheliales	Atheliaceae	Piloderma	GENUS	SE	NA
ASV_9-SWB	MATERIAL_SAMPLE	SINTAX  confidence 1.00 to order level	AnnaR-2019-03:ASV_9-SWB	42	Jeanette Tångrot	DNA extract	SWB	2017-06-01	2017	6	1	eDNA sampling from soil	SE	Sweden	Rya skog	57.690507238	11.8850881263	unknown	NA	NA	Helotiales	NA	Fungi	Ascomycota	Leotiomycetes	Helotiales	NA	NA	ORDER	SE	NA
ASV_2-SWB	MATERIAL_SAMPLE	100% identity match with species hypothesis	AnnaR-2019-03:ASV_2-SWB	540	Jeanette Tångrot	DNA extract	SWB	2017-06-01	2017	6	1	eDNA sampling from soil	SE	Sweden	Rya skog	57.690507238	11.8850881263	unknown	NA	SH182377.07FU	Lactarius rufus	http://dx.doi.org/10.15156/BIO/SH182377.07FU	Fungi	Basidiomycota	Agaricomycetes	Russulales	Russulaceae	Lactarius	SPECIES	SE	Lactarius rufus
ASV_12-SWB	MATERIAL_SAMPLE	SINTAX  confidence 1.00 to order level	AnnaR-2019-03:ASV_12-SWB	118	Jeanette Tångrot	DNA extract	SWB	2017-06-01	2017	6	1	eDNA sampling from soil	SE	Sweden	Rya skog	57.690507238	11.8850881263	unknown	NA	NA	Archaeorhizomycetales	NA	Fungi	Ascomycota	Archaeorhizomycetes	Archaeorhizomycetales	NA	NA	ORDER	SE	NA
ASV_11-SWB	MATERIAL_SAMPLE	SINTAX  confidence 1.00 to order level	AnnaR-2019-03:ASV_11-SWB	11	Jeanette Tångrot	DNA extract	SWB	2017-06-01	2017	6	1	eDNA sampling from soil	SE	Sweden	Rya skog	57.690507238	11.8850881263	unknown	NA	NA	Sebacinales	NA	Fungi	Basidiomycota	Agaricomycetes	Sebacinales	NA	NA	ORDER	SE	NA
ASV_3-SWE	MATERIAL_SAMPLE	SINTAX  confidence 1.00 to order level	AnnaR-2019-03:ASV_3-SWE	3487	Jeanette Tångrot	DNA extract	SWE	2017-06-01	2017	6	1	eDNA sampling from soil	SE	Sweden	Rya skog	57.690507238	11.8850881263	unknown	NA	NA	Archaeorhizomycetales	NA	Fungi	Ascomycota	Archaeorhizomycetes	Archaeorhizomycetales	NA	NA	ORDER	SE	NA
ASV_4-SWE	MATERIAL_SAMPLE	SINTAX  confidence 1.00 to genus level	AnnaR-2019-03:ASV_4-SWE	1088	Jeanette Tångrot	DNA extract	SWE	2017-06-01	2017	6	1	eDNA sampling from soil	SE	Sweden	Rya skog	57.690507238	11.8850881263	unknown	NA	NA	Archaeorhizomyces	NA	Fungi	Ascomycota	Archaeorhizomycetes	Archaeorhizomycetales	Archaeorhizomycetaceae	Archaeorhizomyces	GENUS	SE	NA
ASV_8-SWE	MATERIAL_SAMPLE	SINTAX  confidence 1.00 to genus level	AnnaR-2019-03:ASV_8-SWE	49	Jeanette Tångrot	DNA extract	SWE	2017-06-01	2017	6	1	eDNA sampling from soil	SE	Sweden	Rya skog	57.690507238	11.8850881263	unknown	NA	NA	Archaeorhizomyces	NA	Fungi	Ascomycota	Archaeorhizomycetes	Archaeorhizomycetales	Archaeorhizomycetaceae	Archaeorhizomyces	GENUS	SE	NA
ASV_5-SWE	MATERIAL_SAMPLE	SINTAX  confidence 1.00 to genus level	AnnaR-2019-03:ASV_5-SWE	3641	Jeanette Tångrot	DNA extract	SWE	2017-06-01	2017	6	1	eDNA sampling from soil	SE	Sweden	Rya skog	57.690507238	11.8850881263	unknown	NA	NA	Archaeorhizomyces	NA	Fungi	Ascomycota	Archaeorhizomycetes	Archaeorhizomycetales	Archaeorhizomycetaceae	Archaeorhizomyces	GENUS	SE	NA
ASV_6-SWE	MATERIAL_SAMPLE	SINTAX  confidence 1.00 to genus level	AnnaR-2019-03:ASV_6-SWE	3901	Jeanette Tångrot	DNA extract	SWE	2017-06-01	2017	6	1	eDNA sampling from soil	SE	Sweden	Rya skog	57.690507238	11.8850881263	unknown	NA	NA	Piloderma	NA	Fungi	Basidiomycota	Agaricomycetes	Atheliales	Atheliaceae	Piloderma	GENUS	SE	NA
ASV_9-SWE	MATERIAL_SAMPLE	SINTAX  confidence 1.00 to order level	AnnaR-2019-03:ASV_9-SWE	192	Jeanette Tångrot	DNA extract	SWE	2017-06-01	2017	6	1	eDNA sampling from soil	SE	Sweden	Rya skog	57.690507238	11.8850881263	unknown	NA	NA	Helotiales	NA	Fungi	Ascomycota	Leotiomycetes	Helotiales	NA	NA	ORDER	SE	NA
ASV_2-SWE	MATERIAL_SAMPLE	100% identity match with species hypothesis	AnnaR-2019-03:ASV_2-SWE	9426	Jeanette Tångrot	DNA extract	SWE	2017-06-01	2017	6	1	eDNA sampling from soil	SE	Sweden	Rya skog	57.690507238	11.8850881263	unknown	NA	SH182377.07FU	Lactarius rufus	http://dx.doi.org/10.15156/BIO/SH182377.07FU	Fungi	Basidiomycota	Agaricomycetes	Russulales	Russulaceae	Lactarius	SPECIES	SE	Lactarius rufus
ASV_12-SWE	MATERIAL_SAMPLE	SINTAX  confidence 1.00 to order level	AnnaR-2019-03:ASV_12-SWE	404	Jeanette Tångrot	DNA extract	SWE	2017-06-01	2017	6	1	eDNA sampling from soil	SE	Sweden	Rya skog	57.690507238	11.8850881263	unknown	NA	NA	Archaeorhizomycetales	NA	Fungi	Ascomycota	Archaeorhizomycetes	Archaeorhizomycetales	NA	NA	ORDER	SE	NA
ASV_10-SWE	MATERIAL_SAMPLE	SINTAX  confidence 1.00 to genus level	AnnaR-2019-03:ASV_10-SWE	6	Jeanette Tångrot	DNA extract	SWE	2017-06-01	2017	6	1	eDNA sampling from soil	SE	Sweden	Rya skog	57.690507238	11.8850881263	unknown	NA	NA	Meliniomyces	NA	Fungi	Ascomycota	Leotiomycetes	Helotiales	Helotiaceae	Meliniomyces	GENUS	SE	NA
ASV_11-SWE	MATERIAL_SAMPLE	SINTAX  confidence 1.00 to order level	AnnaR-2019-03:ASV_11-SWE	1546	Jeanette Tångrot	DNA extract	SWE	2017-06-01	2017	6	1	eDNA sampling from soil	SE	Sweden	Rya skog	57.690507238	11.8850881263	unknown	NA	NA	Sebacinales	NA	Fungi	Basidiomycota	Agaricomycetes	Sebacinales	NA	NA	ORDER	SE	NA
ASV_3-SWO	MATERIAL_SAMPLE	SINTAX  confidence 1.00 to order level	AnnaR-2019-03:ASV_3-SWO	6399	Jeanette Tångrot	DNA extract	SWO	2017-06-01	2017	6	1	eDNA sampling from soil	SE	Sweden	Rya skog	57.690507238	11.8850881263	unknown	NA	NA	Archaeorhizomycetales	NA	Fungi	Ascomycota	Archaeorhizomycetes	Archaeorhizomycetales	NA	NA	ORDER	SE	NA
ASV_4-SWO	MATERIAL_SAMPLE	SINTAX  confidence 1.00 to genus level	AnnaR-2019-03:ASV_4-SWO	5862	Jeanette Tångrot	DNA extract	SWO	2017-06-01	2017	6	1	eDNA sampling from soil	SE	Sweden	Rya skog	57.690507238	11.8850881263	unknown	NA	NA	Archaeorhizomyces	NA	Fungi	Ascomycota	Archaeorhizomycetes	Archaeorhizomycetales	Archaeorhizomycetaceae	Archaeorhizomyces	GENUS	SE	NA
ASV_8-SWO	MATERIAL_SAMPLE	SINTAX  confidence 1.00 to genus level	AnnaR-2019-03:ASV_8-SWO	1922	Jeanette Tångrot	DNA extract	SWO	2017-06-01	2017	6	1	eDNA sampling from soil	SE	Sweden	Rya skog	57.690507238	11.8850881263	unknown	NA	NA	Archaeorhizomyces	NA	Fungi	Ascomycota	Archaeorhizomycetes	Archaeorhizomycetales	Archaeorhizomycetaceae	Archaeorhizomyces	GENUS	SE	NA
ASV_5-SWO	MATERIAL_SAMPLE	SINTAX  confidence 1.00 to genus level	AnnaR-2019-03:ASV_5-SWO	3592	Jeanette Tångrot	DNA extract	SWO	2017-06-01	2017	6	1	eDNA sampling from soil	SE	Sweden	Rya skog	57.690507238	11.8850881263	unknown	NA	NA	Archaeorhizomyces	NA	Fungi	Ascomycota	Archaeorhizomycetes	Archaeorhizomycetales	Archaeorhizomycetaceae	Archaeorhizomyces	GENUS	SE	NA
ASV_6-SWO	MATERIAL_SAMPLE	SINTAX  confidence 1.00 to genus level	AnnaR-2019-03:ASV_6-SWO	44	Jeanette Tångrot	DNA extract	SWO	2017-06-01	2017	6	1	eDNA sampling from soil	SE	Sweden	Rya skog	57.690507238	11.8850881263	unknown	NA	NA	Piloderma	NA	Fungi	Basidiomycota	Agaricomycetes	Atheliales	Atheliaceae	Piloderma	GENUS	SE	NA
ASV_9-SWO	MATERIAL_SAMPLE	SINTAX  confidence 1.00 to order level	AnnaR-2019-03:ASV_9-SWO	2014	Jeanette Tångrot	DNA extract	SWO	2017-06-01	2017	6	1	eDNA sampling from soil	SE	Sweden	Rya skog	57.690507238	11.8850881263	unknown	NA	NA	Helotiales	NA	Fungi	Ascomycota	Leotiomycetes	Helotiales	NA	NA	ORDER	SE	NA
ASV_2-SWO	MATERIAL_SAMPLE	100% identity match with species hypothesis	AnnaR-2019-03:ASV_2-SWO	17	Jeanette Tångrot	DNA extract	SWO	2017-06-01	2017	6	1	eDNA sampling from soil	SE	Sweden	Rya skog	57.690507238	11.8850881263	unknown	NA	SH182377.07FU	Lactarius rufus	http://dx.doi.org/10.15156/BIO/SH182377.07FU	Fungi	Basidiomycota	Agaricomycetes	Russulales	Russulaceae	Lactarius	SPECIES	SE	Lactarius rufus
ASV_12-SWO	MATERIAL_SAMPLE	SINTAX  confidence 1.00 to order level	AnnaR-2019-03:ASV_12-SWO	1328	Jeanette Tångrot	DNA extract	SWO	2017-06-01	2017	6	1	eDNA sampling from soil	SE	Sweden	Rya skog	57.690507238	11.8850881263	unknown	NA	NA	Archaeorhizomycetales	NA	Fungi	Ascomycota	Archaeorhizomycetes	Archaeorhizomycetales	NA	NA	ORDER	SE	NA
ASV_10-SWO	MATERIAL_SAMPLE	SINTAX  confidence 1.00 to genus level	AnnaR-2019-03:ASV_10-SWO	1857	Jeanette Tångrot	DNA extract	SWO	2017-06-01	2017	6	1	eDNA sampling from soil	SE	Sweden	Rya skog	57.690507238	11.8850881263	unknown	NA	NA	Meliniomyces	NA	Fungi	Ascomycota	Leotiomycetes	Helotiales	Helotiaceae	Meliniomyces	GENUS	SE	NA
ASV_11-SWO	MATERIAL_SAMPLE	SINTAX  confidence 1.00 to order level	AnnaR-2019-03:ASV_11-SWO	304	Jeanette Tångrot	DNA extract	SWO	2017-06-01	2017	6	1	eDNA sampling from soil	SE	Sweden	Rya skog	57.690507238	11.8850881263	unknown	NA	NA	Sebacinales	NA	Fungi	Basidiomycota	Agaricomycetes	Sebacinales	NA	NA	ORDER	SE	NA
ASV_3-USA	MATERIAL_SAMPLE	SINTAX  confidence 1.00 to order level	AnnaR-2019-03:ASV_3-USA	1	Jeanette Tångrot	DNA extract	USA	2017-06-01	2017	6	1	eDNA sampling from soil	SE	Sweden	Rya skog	57.690507238	11.8850881263	unknown	NA	NA	Archaeorhizomycetales	NA	Fungi	Ascomycota	Archaeorhizomycetes	Archaeorhizomycetales	NA	NA	ORDER	SE	NA
ASV_4-USA	MATERIAL_SAMPLE	SINTAX  confidence 1.00 to genus level	AnnaR-2019-03:ASV_4-USA	5	Jeanette Tångrot	DNA extract	USA	2017-06-01	2017	6	1	eDNA sampling from soil	SE	Sweden	Rya skog	57.690507238	11.8850881263	unknown	NA	NA	Archaeorhizomyces	NA	Fungi	Ascomycota	Archaeorhizomycetes	Archaeorhizomycetales	Archaeorhizomycetaceae	Archaeorhizomyces	GENUS	SE	NA
ASV_6-USA	MATERIAL_SAMPLE	SINTAX  confidence 1.00 to genus level	AnnaR-2019-03:ASV_6-USA	3	Jeanette Tångrot	DNA extract	USA	2017-06-01	2017	6	1	eDNA sampling from soil	SE	Sweden	Rya skog	57.690507238	11.8850881263	unknown	NA	NA	Piloderma	NA	Fungi	Basidiomycota	Agaricomycetes	Atheliales	Atheliaceae	Piloderma	GENUS	SE	NA
ASV_9-USA	MATERIAL_SAMPLE	SINTAX  confidence 1.00 to order level	AnnaR-2019-03:ASV_9-USA	255	Jeanette Tångrot	DNA extract	USA	2017-06-01	2017	6	1	eDNA sampling from soil	SE	Sweden	Rya skog	57.690507238	11.8850881263	unknown	NA	NA	Helotiales	NA	Fungi	Ascomycota	Leotiomycetes	Helotiales	NA	NA	ORDER	SE	NA
ASV_2-USA	MATERIAL_SAMPLE	100% identity match with species hypothesis	AnnaR-2019-03:ASV_2-USA	18	Jeanette Tångrot	DNA extract	USA	2017-06-01	2017	6	1	eDNA sampling from soil	SE	Sweden	Rya skog	57.690507238	11.8850881263	unknown	NA	SH182377.07FU	Lactarius rufus	http://dx.doi.org/10.15156/BIO/SH182377.07FU	Fungi	Basidiomycota	Agaricomycetes	Russulales	Russulaceae	Lactarius	SPECIES	SE	Lactarius rufus
ASV_10-USA	MATERIAL_SAMPLE	SINTAX  confidence 1.00 to genus level	AnnaR-2019-03:ASV_10-USA	8	Jeanette Tångrot	DNA extract	USA	2017-06-01	2017	6	1	eDNA sampling from soil	SE	Sweden	Rya skog	57.690507238	11.8850881263	unknown	NA	NA	Meliniomyces	NA	Fungi	Ascomycota	Leotiomycetes	Helotiales	Helotiaceae	Meliniomyces	GENUS	SE	NA
ASV_11-USA	MATERIAL_SAMPLE	SINTAX  confidence 1.00 to order level	AnnaR-2019-03:ASV_11-USA	6	Jeanette Tångrot	DNA extract	USA	2017-06-01	2017	6	1	eDNA sampling from soil	SE	Sweden	Rya skog	57.690507238	11.8850881263	unknown	NA	NA	Sebacinales	NA	Fungi	Basidiomycota	Agaricomycetes	Sebacinales	NA	NA	ORDER	SE	NA
