occurrenceID	measurementType	measurementValue	measurementUnit	measurementRemarks
smhi:ocr:1	total dissolved nitrogen	15.3	μmol/l	total dissolved nitrogen concentration, reported as nitrogen, measured by: total dissolved nitrogen = NH4 + NO3NO2 + dissolved organic nitrogen
smhi:ocr:1	ammonium	0.26	μmol/l	concentration of ammonium
smhi:ocr:1	salinity	31.08	o/oo psu	salinity measurement
smhi:ocr:2	total dissolved nitrogen	15.3	μmol/l	total dissolved nitrogen concentration, reported as nitrogen, measured by: total dissolved nitrogen = NH4 + NO3NO2 + dissolved organic nitrogen
smhi:ocr:2	ammonium	0.26	μmol/l	concentration of ammonium
smhi:ocr:2	salinity	31.08	o/oo psu	salinity measurement
smhi:ocr:3	total dissolved nitrogen	15.3	μmol/l	total dissolved nitrogen concentration, reported as nitrogen, measured by: total dissolved nitrogen = NH4 + NO3NO2 + dissolved organic nitrogen
smhi:ocr:3	ammonium	0.26	μmol/l	concentration of ammonium
smhi:ocr:3	salinity	31.08	o/oo psu	salinity measurement
smhi:ocr:4	total dissolved nitrogen	15.3	μmol/l	total dissolved nitrogen concentration, reported as nitrogen, measured by: total dissolved nitrogen = NH4 + NO3NO2 + dissolved organic nitrogen
smhi:ocr:4	ammonium	0.26	μmol/l	concentration of ammonium
smhi:ocr:4	salinity	31.08	o/oo psu	salinity measurement
smhi:ocr:5	total dissolved nitrogen	15.3	μmol/l	total dissolved nitrogen concentration, reported as nitrogen, measured by: total dissolved nitrogen = NH4 + NO3NO2 + dissolved organic nitrogen
smhi:ocr:5	ammonium	0.26	μmol/l	concentration of ammonium
smhi:ocr:5	salinity	31.08	o/oo psu	salinity measurement
smhi:ocr:6	total dissolved nitrogen	15.3	μmol/l	total dissolved nitrogen concentration, reported as nitrogen, measured by: total dissolved nitrogen = NH4 + NO3NO2 + dissolved organic nitrogen
smhi:ocr:6	ammonium	0.26	μmol/l	concentration of ammonium
smhi:ocr:6	salinity	31.08	o/oo psu	salinity measurement
smhi:ocr:7	total dissolved nitrogen	15.3	μmol/l	total dissolved nitrogen concentration, reported as nitrogen, measured by: total dissolved nitrogen = NH4 + NO3NO2 + dissolved organic nitrogen
smhi:ocr:7	ammonium	0.26	μmol/l	concentration of ammonium
smhi:ocr:7	salinity	31.08	o/oo psu	salinity measurement
smhi:ocr:8	total dissolved nitrogen	15.3	μmol/l	total dissolved nitrogen concentration, reported as nitrogen, measured by: total dissolved nitrogen = NH4 + NO3NO2 + dissolved organic nitrogen
smhi:ocr:8	ammonium	0.26	μmol/l	concentration of ammonium
smhi:ocr:8	salinity	31.08	o/oo psu	salinity measurement
smhi:ocr:9	total dissolved nitrogen	15.3	μmol/l	total dissolved nitrogen concentration, reported as nitrogen, measured by: total dissolved nitrogen = NH4 + NO3NO2 + dissolved organic nitrogen
smhi:ocr:9	ammonium	0.26	μmol/l	concentration of ammonium
smhi:ocr:9	salinity	31.08	o/oo psu	salinity measurement
smhi:ocr:10	total dissolved nitrogen	15.3	μmol/l	total dissolved nitrogen concentration, reported as nitrogen, measured by: total dissolved nitrogen = NH4 + NO3NO2 + dissolved organic nitrogen
smhi:ocr:10	ammonium	0.26	μmol/l	concentration of ammonium
smhi:ocr:10	salinity	31.08	o/oo psu	salinity measurement
smhi:ocr:11	total dissolved nitrogen	15.3	μmol/l	total dissolved nitrogen concentration, reported as nitrogen, measured by: total dissolved nitrogen = NH4 + NO3NO2 + dissolved organic nitrogen
smhi:ocr:11	ammonium	0.26	μmol/l	concentration of ammonium
smhi:ocr:11	salinity	31.08	o/oo psu	salinity measurement
smhi:ocr:12	total dissolved nitrogen	15.3	μmol/l	total dissolved nitrogen concentration, reported as nitrogen, measured by: total dissolved nitrogen = NH4 + NO3NO2 + dissolved organic nitrogen
smhi:ocr:12	ammonium	0.26	μmol/l	concentration of ammonium
smhi:ocr:12	salinity	31.08	o/oo psu	salinity measurement
smhi:ocr:13	total dissolved nitrogen	15.3	μmol/l	total dissolved nitrogen concentration, reported as nitrogen, measured by: total dissolved nitrogen = NH4 + NO3NO2 + dissolved organic nitrogen
smhi:ocr:13	ammonium	0.26	μmol/l	concentration of ammonium
smhi:ocr:13	salinity	31.08	o/oo psu	salinity measurement
smhi:ocr:14	total dissolved nitrogen	15.3	μmol/l	total dissolved nitrogen concentration, reported as nitrogen, measured by: total dissolved nitrogen = NH4 + NO3NO2 + dissolved organic nitrogen
smhi:ocr:14	ammonium	0.26	μmol/l	concentration of ammonium
smhi:ocr:14	salinity	31.08	o/oo psu	salinity measurement
smhi:ocr:15	total dissolved nitrogen	15.3	μmol/l	total dissolved nitrogen concentration, reported as nitrogen, measured by: total dissolved nitrogen = NH4 + NO3NO2 + dissolved organic nitrogen
smhi:ocr:15	ammonium	0.26	μmol/l	concentration of ammonium
smhi:ocr:15	salinity	31.08	o/oo psu	salinity measurement
smhi:ocr:16	total dissolved nitrogen	10.8	μmol/l	total dissolved nitrogen concentration, reported as nitrogen, measured by: total dissolved nitrogen = NH4 + NO3NO2 + dissolved organic nitrogen
smhi:ocr:16	ammonium	0.48	μmol/l	concentration of ammonium
smhi:ocr:16	salinity	23.03	o/oo psu	salinity measurement
smhi:ocr:17	total dissolved nitrogen	10.8	μmol/l	total dissolved nitrogen concentration, reported as nitrogen, measured by: total dissolved nitrogen = NH4 + NO3NO2 + dissolved organic nitrogen
smhi:ocr:17	ammonium	0.48	μmol/l	concentration of ammonium
smhi:ocr:17	salinity	23.03	o/oo psu	salinity measurement
smhi:ocr:18	total dissolved nitrogen	10.8	μmol/l	total dissolved nitrogen concentration, reported as nitrogen, measured by: total dissolved nitrogen = NH4 + NO3NO2 + dissolved organic nitrogen
smhi:ocr:18	ammonium	0.48	μmol/l	concentration of ammonium
smhi:ocr:18	salinity	23.03	o/oo psu	salinity measurement
smhi:ocr:19	total dissolved nitrogen	10.8	μmol/l	total dissolved nitrogen concentration, reported as nitrogen, measured by: total dissolved nitrogen = NH4 + NO3NO2 + dissolved organic nitrogen
smhi:ocr:19	ammonium	0.48	μmol/l	concentration of ammonium
smhi:ocr:19	salinity	23.03	o/oo psu	salinity measurement
smhi:ocr:20	total dissolved nitrogen	10.8	μmol/l	total dissolved nitrogen concentration, reported as nitrogen, measured by: total dissolved nitrogen = NH4 + NO3NO2 + dissolved organic nitrogen
smhi:ocr:20	ammonium	0.48	μmol/l	concentration of ammonium
smhi:ocr:20	salinity	23.03	o/oo psu	salinity measurement
smhi:ocr:21	total dissolved nitrogen	10.8	μmol/l	total dissolved nitrogen concentration, reported as nitrogen, measured by: total dissolved nitrogen = NH4 + NO3NO2 + dissolved organic nitrogen
smhi:ocr:21	ammonium	0.48	μmol/l	concentration of ammonium
smhi:ocr:21	salinity	23.03	o/oo psu	salinity measurement
smhi:ocr:22	total dissolved nitrogen	10.8	μmol/l	total dissolved nitrogen concentration, reported as nitrogen, measured by: total dissolved nitrogen = NH4 + NO3NO2 + dissolved organic nitrogen
smhi:ocr:22	ammonium	0.48	μmol/l	concentration of ammonium
smhi:ocr:22	salinity	23.03	o/oo psu	salinity measurement
smhi:ocr:23	total dissolved nitrogen	10.8	μmol/l	total dissolved nitrogen concentration, reported as nitrogen, measured by: total dissolved nitrogen = NH4 + NO3NO2 + dissolved organic nitrogen
smhi:ocr:23	ammonium	0.48	μmol/l	concentration of ammonium
smhi:ocr:23	salinity	23.03	o/oo psu	salinity measurement
smhi:ocr:24	total dissolved nitrogen	10.8	μmol/l	total dissolved nitrogen concentration, reported as nitrogen, measured by: total dissolved nitrogen = NH4 + NO3NO2 + dissolved organic nitrogen
smhi:ocr:24	ammonium	0.48	μmol/l	concentration of ammonium
smhi:ocr:24	salinity	23.03	o/oo psu	salinity measurement
smhi:ocr:25	total dissolved nitrogen	10.8	μmol/l	total dissolved nitrogen concentration, reported as nitrogen, measured by: total dissolved nitrogen = NH4 + NO3NO2 + dissolved organic nitrogen
smhi:ocr:25	ammonium	0.48	μmol/l	concentration of ammonium
smhi:ocr:25	salinity	23.03	o/oo psu	salinity measurement
smhi:ocr:26	total dissolved nitrogen	10.8	μmol/l	total dissolved nitrogen concentration, reported as nitrogen, measured by: total dissolved nitrogen = NH4 + NO3NO2 + dissolved organic nitrogen
smhi:ocr:26	ammonium	0.48	μmol/l	concentration of ammonium
smhi:ocr:26	salinity	23.03	o/oo psu	salinity measurement
smhi:ocr:27	total dissolved nitrogen	10.8	μmol/l	total dissolved nitrogen concentration, reported as nitrogen, measured by: total dissolved nitrogen = NH4 + NO3NO2 + dissolved organic nitrogen
smhi:ocr:27	ammonium	0.48	μmol/l	concentration of ammonium
smhi:ocr:27	salinity	23.03	o/oo psu	salinity measurement
smhi:ocr:28	total dissolved nitrogen	10.8	μmol/l	total dissolved nitrogen concentration, reported as nitrogen, measured by: total dissolved nitrogen = NH4 + NO3NO2 + dissolved organic nitrogen
smhi:ocr:28	ammonium	0.48	μmol/l	concentration of ammonium
smhi:ocr:28	salinity	23.03	o/oo psu	salinity measurement
smhi:ocr:29	total dissolved nitrogen	10.8	μmol/l	total dissolved nitrogen concentration, reported as nitrogen, measured by: total dissolved nitrogen = NH4 + NO3NO2 + dissolved organic nitrogen
smhi:ocr:29	ammonium	0.48	μmol/l	concentration of ammonium
smhi:ocr:29	salinity	23.03	o/oo psu	salinity measurement
smhi:ocr:30	total dissolved nitrogen	10.8	μmol/l	total dissolved nitrogen concentration, reported as nitrogen, measured by: total dissolved nitrogen = NH4 + NO3NO2 + dissolved organic nitrogen
smhi:ocr:30	ammonium	0.48	μmol/l	concentration of ammonium
smhi:ocr:30	salinity	23.03	o/oo psu	salinity measurement
