<archive xmlns="http://rs.tdwg.org/dwc/text/" metadata="eml.xml">
	<core encoding="UTF-8" linesTerminatedBy="\n" fieldsTerminatedBy="\t" fieldsEnclosedBy="&quot;" ignoreHeaderLines="1" rowType="http://rs.tdwg.org/dwc/terms/Occurrence">
	<files>
			<location>occurrence.tsv</location>
		</files>
		<id index="0" />
			<field index="0" term="http://rs.tdwg.org/dwc/terms/occurrenceID"/>
      		<field index="1" term="http://rs.tdwg.org/dwc/terms/eventID"/>
      		<field index="2" term="http://rs.tdwg.org/dwc/terms/scientificName"/>
      		<field index="3" term="http://rs.tdwg.org/dwc/terms/taxonRank"/>
      		<field index="4" term="http://rs.tdwg.org/dwc/terms/kingdom"/>
      		<field index="5" term="http://rs.tdwg.org/dwc/terms/phylum"/>
      		<field index="6" term="http://rs.tdwg.org/dwc/terms/class"/>
      		<field index="7" term="http://rs.tdwg.org/dwc/terms/order"/>
      		<field index="8" term="http://rs.tdwg.org/dwc/terms/family"/>
      		<field index="9" term="http://rs.tdwg.org/dwc/terms/genus"/>
      		<field index="10" term="http://rs.tdwg.org/dwc/terms/identificationReferences"/>
      		<field index="11" term="http://rs.tdwg.org/dwc/terms/identificationRemarks"/>
      		<field index="12" term="http://rs.tdwg.org/dwc/terms/organismQuantity"/>
      		<field index="13" term="http://rs.tdwg.org/dwc/terms/organismQuantityType"/>
      		<field index="14" term="http://rs.tdwg.org/dwc/terms/sampleSizeValue"/>
      		<field index="15" term="http://rs.tdwg.org/dwc/terms/sampleSizeUnit"/>
      		<field index="16" term="http://rs.tdwg.org/dwc/terms/basisOfRecord"/>
      		<field index="17" term="http://rs.tdwg.org/dwc/terms/materialSampleID"/>
      		<field index="18" term="http://rs.tdwg.org/dwc/terms/samplingProtocol"/>
      		<field index="19" term="http://rs.tdwg.org/dwc/terms/eventDate"/>
      		<field index="20" term="http://rs.tdwg.org/dwc/terms/waterBody"/>
      		<field index="21" term="http://rs.tdwg.org/dwc/terms/countryCode"/>
      		<field index="22" term="http://rs.tdwg.org/dwc/terms/decimalLatitude"/>
      		<field index="23" term="http://rs.tdwg.org/dwc/terms/decimalLongitude"/>
      		<field index="24" term="http://rs.tdwg.org/dwc/terms/geodeticDatum"/>
	</core>
	<extension encoding="UTF-8" linesTerminatedBy="\n" fieldsTerminatedBy="\t" fieldsEnclosedBy="&quot;" ignoreHeaderLines="1" rowType="http://data.ggbn.org/schemas/ggbn/terms/Amplification">
		<files>
			<location>ggbn.tsv</location>
		</files>
		<coreid index="0" />
			<field index="1" term="http://data.ggbn.org/schemas/ggbn/terms/primerSequenceForward"/>
    		<field index="2" term="http://data.ggbn.org/schemas/ggbn/terms/primerSequenceReverse"/>
    		<field index="3" term="http://data.ggbn.org/schemas/ggbn/terms/primerNameForward"/>
    		<field index="4" term="http://data.ggbn.org/schemas/ggbn/terms/primerNameReverse"/>
    		<field index="5" term="http://data.ggbn.org/schemas/ggbn/terms/barcodeSequence"/>
    </extension>
    <extension encoding="UTF-8" linesTerminatedBy="\n" fieldsTerminatedBy="\t" fieldsEnclosedBy="&quot;" ignoreHeaderLines="1" rowType="http://rs.tdwg.org/dwc/terms/MeasurementOrFact">
		<files>
			<location>emof.tsv</location>
		</files>
		<coreid index="0" />
			<field index="1" term="http://rs.tdwg.org/dwc/terms/measurementType"/>
    		<field index="2" term="http://rs.tdwg.org/dwc/terms/measurementValue"/>
    		<field index="3" term="http://rs.tdwg.org/dwc/terms/measurementUnit"/>
    		<field index="4" term="http://rs.tdwg.org/dwc/terms/measurementRemarks"/>
    </extension>
</archive>
