occurrenceID	eventID	scientificName	taxonRank	kingdom	phylum	class	order	family	genus	identificationReferences	identificationRemarks	organismQuantity	organismQuantityType	sampleSizeValue	sampleSizeUnit	basisOfRecord	materialSampleID	samplingProtocol	eventDate	waterBody	countryCode	decimalLatitude	decimalLongitude	geodeticDatum
smhi:ocr:1	smhi:0038	Terriglobus	genus	Bacteria	Acidobacteria	Acidobacteria	Acidobacteriales	Acidobacteriaceae_(Subgroup_1)	Terriglobus	https://github.com/nf-core/ampliseq/blob/master/README.md	16S rRNA bla di bla annotated bla di bla	81	DNA sequence reads	729	DNA sequence reads	MaterialSample	https://www.ebi.ac.uk/ena/data/view/ERS3334814	FerryBox system mounted on a cargo vessel, https://doi.org/10.1016/j.jmarsys.2016.05.002.	2017-03-08T14:07+0100	Baltic Sea	SE	58.3	11.1	WGS84
smhi:ocr:2	smhi:0038	CL500-29_marine_group	genus	Bacteria	Actinobacteria	Acidimicrobiia	Acidimicrobiales	Acidimicrobiaceae	CL500-29_marine_group	https://github.com/nf-core/ampliseq/blob/master/README.md	16S rRNA bla di bla annotated bla di bla	88	DNA sequence reads	729	DNA sequence reads	MaterialSample	https://www.ebi.ac.uk/ena/data/view/ERS3334814	FerryBox system mounted on a cargo vessel, https://doi.org/10.1016/j.jmarsys.2016.05.002.	2017-03-08T14:07+0100	Baltic Sea	SE	58.3	11.1	WGS84
smhi:ocr:3	smhi:0038	CL500-29_marine_group	genus	Bacteria	Actinobacteria	Acidimicrobiia	Acidimicrobiales	Acidimicrobiaceae	CL500-29_marine_group	https://github.com/nf-core/ampliseq/blob/master/README.md	16S rRNA bla di bla annotated bla di bla	12	DNA sequence reads	729	DNA sequence reads	MaterialSample	https://www.ebi.ac.uk/ena/data/view/ERS3334814	FerryBox system mounted on a cargo vessel, https://doi.org/10.1016/j.jmarsys.2016.05.002.	2017-03-08T14:07+0100	Baltic Sea	SE	58.3	11.1	WGS84
smhi:ocr:4	smhi:0038	CL500-29_marine_group	genus	Bacteria	Actinobacteria	Acidimicrobiia	Acidimicrobiales	Acidimicrobiaceae	CL500-29_marine_group	https://github.com/nf-core/ampliseq/blob/master/README.md	16S rRNA bla di bla annotated bla di bla	69	DNA sequence reads	729	DNA sequence reads	MaterialSample	https://www.ebi.ac.uk/ena/data/view/ERS3334814	FerryBox system mounted on a cargo vessel, https://doi.org/10.1016/j.jmarsys.2016.05.002.	2017-03-08T14:07+0100	Baltic Sea	SE	58.3	11.1	WGS84
smhi:ocr:5	smhi:0038	CL500-29_marine_group	genus	Bacteria	Actinobacteria	Acidimicrobiia	Acidimicrobiales	Acidimicrobiaceae	CL500-29_marine_group	https://github.com/nf-core/ampliseq/blob/master/README.md	16S rRNA bla di bla annotated bla di bla	29	DNA sequence reads	729	DNA sequence reads	MaterialSample	https://www.ebi.ac.uk/ena/data/view/ERS3334814	FerryBox system mounted on a cargo vessel, https://doi.org/10.1016/j.jmarsys.2016.05.002.	2017-03-08T14:07+0100	Baltic Sea	SE	58.3	11.1	WGS84
smhi:ocr:6	smhi:0038	CL500-29_marine_group	genus	Bacteria	Actinobacteria	Acidimicrobiia	Acidimicrobiales	Acidimicrobiaceae	CL500-29_marine_group	https://github.com/nf-core/ampliseq/blob/master/README.md	16S rRNA bla di bla annotated bla di bla	1	DNA sequence reads	729	DNA sequence reads	MaterialSample	https://www.ebi.ac.uk/ena/data/view/ERS3334814	FerryBox system mounted on a cargo vessel, https://doi.org/10.1016/j.jmarsys.2016.05.002.	2017-03-08T14:07+0100	Baltic Sea	SE	58.3	11.1	WGS84
smhi:ocr:7	smhi:0038	Cellulomonas	genus	Bacteria	Actinobacteria	Actinobacteria	Micrococcales	Cellulomonadaceae	Cellulomonas	https://github.com/nf-core/ampliseq/blob/master/README.md	16S rRNA bla di bla annotated bla di bla	4	DNA sequence reads	729	DNA sequence reads	MaterialSample	https://www.ebi.ac.uk/ena/data/view/ERS3334814	FerryBox system mounted on a cargo vessel, https://doi.org/10.1016/j.jmarsys.2016.05.002.	2017-03-08T14:07+0100	Baltic Sea	SE	58.3	11.1	WGS84
smhi:ocr:8	smhi:0038	Candidatus_Aquiluna	genus	Bacteria	Actinobacteria	Actinobacteria	Micrococcales	Microbacteriaceae	Candidatus_Aquiluna	https://github.com/nf-core/ampliseq/blob/master/README.md	16S rRNA bla di bla annotated bla di bla	67	DNA sequence reads	729	DNA sequence reads	MaterialSample	https://www.ebi.ac.uk/ena/data/view/ERS3334814	FerryBox system mounted on a cargo vessel, https://doi.org/10.1016/j.jmarsys.2016.05.002.	2017-03-08T14:07+0100	Baltic Sea	SE	58.3	11.1	WGS84
smhi:ocr:9	smhi:0038	Candidatus_Aquiluna	genus	Bacteria	Actinobacteria	Actinobacteria	Micrococcales	Microbacteriaceae	Candidatus_Aquiluna	https://github.com/nf-core/ampliseq/blob/master/README.md	16S rRNA bla di bla annotated bla di bla	97	DNA sequence reads	729	DNA sequence reads	MaterialSample	https://www.ebi.ac.uk/ena/data/view/ERS3334814	FerryBox system mounted on a cargo vessel, https://doi.org/10.1016/j.jmarsys.2016.05.002.	2017-03-08T14:07+0100	Baltic Sea	SE	58.3	11.1	WGS84
smhi:ocr:10	smhi:0038	Candidatus_Aquiluna	genus	Bacteria	Actinobacteria	Actinobacteria	Micrococcales	Microbacteriaceae	Candidatus_Aquiluna	https://github.com/nf-core/ampliseq/blob/master/README.md	16S rRNA bla di bla annotated bla di bla	37	DNA sequence reads	729	DNA sequence reads	MaterialSample	https://www.ebi.ac.uk/ena/data/view/ERS3334814	FerryBox system mounted on a cargo vessel, https://doi.org/10.1016/j.jmarsys.2016.05.002.	2017-03-08T14:07+0100	Baltic Sea	SE	58.3	11.1	WGS84
smhi:ocr:11	smhi:0038	Microbacteriaceae	family	Bacteria	Actinobacteria	Actinobacteria	Micrococcales	Microbacteriaceae	NA	https://github.com/nf-core/ampliseq/blob/master/README.md	16S rRNA bla di bla annotated bla di bla	57	DNA sequence reads	729	DNA sequence reads	MaterialSample	https://www.ebi.ac.uk/ena/data/view/ERS3334814	FerryBox system mounted on a cargo vessel, https://doi.org/10.1016/j.jmarsys.2016.05.002.	2017-03-08T14:07+0100	Baltic Sea	SE	58.3	11.1	WGS84
smhi:ocr:12	smhi:0038	Candidatus_Aquiluna	genus	Bacteria	Actinobacteria	Actinobacteria	Micrococcales	Microbacteriaceae	Candidatus_Aquiluna	https://github.com/nf-core/ampliseq/blob/master/README.md	16S rRNA bla di bla annotated bla di bla	25	DNA sequence reads	729	DNA sequence reads	MaterialSample	https://www.ebi.ac.uk/ena/data/view/ERS3334814	FerryBox system mounted on a cargo vessel, https://doi.org/10.1016/j.jmarsys.2016.05.002.	2017-03-08T14:07+0100	Baltic Sea	SE	58.3	11.1	WGS84
smhi:ocr:13	smhi:0038	Candidatus_Aquiluna	genus	Bacteria	Actinobacteria	Actinobacteria	Micrococcales	Microbacteriaceae	Candidatus_Aquiluna	https://github.com/nf-core/ampliseq/blob/master/README.md	16S rRNA bla di bla annotated bla di bla	56	DNA sequence reads	729	DNA sequence reads	MaterialSample	https://www.ebi.ac.uk/ena/data/view/ERS3334814	FerryBox system mounted on a cargo vessel, https://doi.org/10.1016/j.jmarsys.2016.05.002.	2017-03-08T14:07+0100	Baltic Sea	SE	58.3	11.1	WGS84
smhi:ocr:14	smhi:0038	Mycobacterium	genus	Bacteria	Actinobacteria	Actinobacteria	Corynebacteriales	Mycobacteriaceae	Mycobacterium	https://github.com/nf-core/ampliseq/blob/master/README.md	16S rRNA bla di bla annotated bla di bla	81	DNA sequence reads	729	DNA sequence reads	MaterialSample	https://www.ebi.ac.uk/ena/data/view/ERS3334814	FerryBox system mounted on a cargo vessel, https://doi.org/10.1016/j.jmarsys.2016.05.002.	2017-03-08T14:07+0100	Baltic Sea	SE	58.3	11.1	WGS84
smhi:ocr:15	smhi:0038	CL500-29_marine_group	genus	Bacteria	Actinobacteria	Acidimicrobiia	Acidimicrobiales	Acidimicrobiaceae	CL500-29_marine_group	https://github.com/nf-core/ampliseq/blob/master/README.md	16S rRNA bla di bla annotated bla di bla	25	DNA sequence reads	729	DNA sequence reads	MaterialSample	https://www.ebi.ac.uk/ena/data/view/ERS3334814	FerryBox system mounted on a cargo vessel, https://doi.org/10.1016/j.jmarsys.2016.05.002.	2017-03-08T14:07+0100	Baltic Sea	SE	58.3	11.1	WGS84
smhi:ocr:16	smhi:0039	Terriglobus	genus	Bacteria	Acidobacteria	Acidobacteria	Acidobacteriales	Acidobacteriaceae_(Subgroup_1)	Terriglobus	https://github.com/nf-core/ampliseq/blob/master/README.md	16S rRNA bla di bla annotated bla di bla	71	DNA sequence reads	599	DNA sequence reads	MaterialSample	https://www.ebi.ac.uk/ena/data/view/ERS3334815	FerryBox system mounted on a cargo vessel, https://doi.org/10.1016/j.jmarsys.2016.05.002.	2017-03-10T18:03+0100	Baltic Sea	SE	63.83	21.54	WGS84
smhi:ocr:17	smhi:0039	CL500-29_marine_group	genus	Bacteria	Actinobacteria	Acidimicrobiia	Acidimicrobiales	Acidimicrobiaceae	CL500-29_marine_group	https://github.com/nf-core/ampliseq/blob/master/README.md	16S rRNA bla di bla annotated bla di bla	39	DNA sequence reads	599	DNA sequence reads	MaterialSample	https://www.ebi.ac.uk/ena/data/view/ERS3334815	FerryBox system mounted on a cargo vessel, https://doi.org/10.1016/j.jmarsys.2016.05.002.	2017-03-10T18:03+0100	Baltic Sea	SE	63.83	21.54	WGS84
smhi:ocr:18	smhi:0039	CL500-29_marine_group	genus	Bacteria	Actinobacteria	Acidimicrobiia	Acidimicrobiales	Acidimicrobiaceae	CL500-29_marine_group	https://github.com/nf-core/ampliseq/blob/master/README.md	16S rRNA bla di bla annotated bla di bla	59	DNA sequence reads	599	DNA sequence reads	MaterialSample	https://www.ebi.ac.uk/ena/data/view/ERS3334815	FerryBox system mounted on a cargo vessel, https://doi.org/10.1016/j.jmarsys.2016.05.002.	2017-03-10T18:03+0100	Baltic Sea	SE	63.83	21.54	WGS84
smhi:ocr:19	smhi:0039	CL500-29_marine_group	genus	Bacteria	Actinobacteria	Acidimicrobiia	Acidimicrobiales	Acidimicrobiaceae	CL500-29_marine_group	https://github.com/nf-core/ampliseq/blob/master/README.md	16S rRNA bla di bla annotated bla di bla	7	DNA sequence reads	599	DNA sequence reads	MaterialSample	https://www.ebi.ac.uk/ena/data/view/ERS3334815	FerryBox system mounted on a cargo vessel, https://doi.org/10.1016/j.jmarsys.2016.05.002.	2017-03-10T18:03+0100	Baltic Sea	SE	63.83	21.54	WGS84
smhi:ocr:20	smhi:0039	CL500-29_marine_group	genus	Bacteria	Actinobacteria	Acidimicrobiia	Acidimicrobiales	Acidimicrobiaceae	CL500-29_marine_group	https://github.com/nf-core/ampliseq/blob/master/README.md	16S rRNA bla di bla annotated bla di bla	26	DNA sequence reads	599	DNA sequence reads	MaterialSample	https://www.ebi.ac.uk/ena/data/view/ERS3334815	FerryBox system mounted on a cargo vessel, https://doi.org/10.1016/j.jmarsys.2016.05.002.	2017-03-10T18:03+0100	Baltic Sea	SE	63.83	21.54	WGS84
smhi:ocr:21	smhi:0039	CL500-29_marine_group	genus	Bacteria	Actinobacteria	Acidimicrobiia	Acidimicrobiales	Acidimicrobiaceae	CL500-29_marine_group	https://github.com/nf-core/ampliseq/blob/master/README.md	16S rRNA bla di bla annotated bla di bla	18	DNA sequence reads	599	DNA sequence reads	MaterialSample	https://www.ebi.ac.uk/ena/data/view/ERS3334815	FerryBox system mounted on a cargo vessel, https://doi.org/10.1016/j.jmarsys.2016.05.002.	2017-03-10T18:03+0100	Baltic Sea	SE	63.83	21.54	WGS84
smhi:ocr:22	smhi:0039	CL500-29_marine_group	genus	Bacteria	Actinobacteria	Acidimicrobiia	Acidimicrobiales	Acidimicrobiaceae	CL500-29_marine_group	https://github.com/nf-core/ampliseq/blob/master/README.md	16S rRNA bla di bla annotated bla di bla	32	DNA sequence reads	599	DNA sequence reads	MaterialSample	https://www.ebi.ac.uk/ena/data/view/ERS3334815	FerryBox system mounted on a cargo vessel, https://doi.org/10.1016/j.jmarsys.2016.05.002.	2017-03-10T18:03+0100	Baltic Sea	SE	63.83	21.54	WGS84
smhi:ocr:23	smhi:0039	CL500-29_marine_group	genus	Bacteria	Actinobacteria	Acidimicrobiia	Acidimicrobiales	Acidimicrobiaceae	CL500-29_marine_group	https://github.com/nf-core/ampliseq/blob/master/README.md	16S rRNA bla di bla annotated bla di bla	14	DNA sequence reads	599	DNA sequence reads	MaterialSample	https://www.ebi.ac.uk/ena/data/view/ERS3334815	FerryBox system mounted on a cargo vessel, https://doi.org/10.1016/j.jmarsys.2016.05.002.	2017-03-10T18:03+0100	Baltic Sea	SE	63.83	21.54	WGS84
smhi:ocr:24	smhi:0039	CL500-29_marine_group	genus	Bacteria	Actinobacteria	Acidimicrobiia	Acidimicrobiales	Acidimicrobiaceae	CL500-29_marine_group	https://github.com/nf-core/ampliseq/blob/master/README.md	16S rRNA bla di bla annotated bla di bla	77	DNA sequence reads	599	DNA sequence reads	MaterialSample	https://www.ebi.ac.uk/ena/data/view/ERS3334815	FerryBox system mounted on a cargo vessel, https://doi.org/10.1016/j.jmarsys.2016.05.002.	2017-03-10T18:03+0100	Baltic Sea	SE	63.83	21.54	WGS84
smhi:ocr:25	smhi:0039	CL500-29_marine_group	genus	Bacteria	Actinobacteria	Acidimicrobiia	Acidimicrobiales	Acidimicrobiaceae	CL500-29_marine_group	https://github.com/nf-core/ampliseq/blob/master/README.md	16S rRNA bla di bla annotated bla di bla	111	DNA sequence reads	599	DNA sequence reads	MaterialSample	https://www.ebi.ac.uk/ena/data/view/ERS3334815	FerryBox system mounted on a cargo vessel, https://doi.org/10.1016/j.jmarsys.2016.05.002.	2017-03-10T18:03+0100	Baltic Sea	SE	63.83	21.54	WGS84
smhi:ocr:26	smhi:0039	Microbacteriaceae	family	Bacteria	Actinobacteria	Actinobacteria	Micrococcales	Microbacteriaceae	NA	https://github.com/nf-core/ampliseq/blob/master/README.md	16S rRNA bla di bla annotated bla di bla	31	DNA sequence reads	599	DNA sequence reads	MaterialSample	https://www.ebi.ac.uk/ena/data/view/ERS3334815	FerryBox system mounted on a cargo vessel, https://doi.org/10.1016/j.jmarsys.2016.05.002.	2017-03-10T18:03+0100	Baltic Sea	SE	63.83	21.54	WGS84
smhi:ocr:27	smhi:0039	Candidatus_Aquiluna	genus	Bacteria	Actinobacteria	Actinobacteria	Micrococcales	Microbacteriaceae	Candidatus_Aquiluna	https://github.com/nf-core/ampliseq/blob/master/README.md	16S rRNA bla di bla annotated bla di bla	24	DNA sequence reads	599	DNA sequence reads	MaterialSample	https://www.ebi.ac.uk/ena/data/view/ERS3334815	FerryBox system mounted on a cargo vessel, https://doi.org/10.1016/j.jmarsys.2016.05.002.	2017-03-10T18:03+0100	Baltic Sea	SE	63.83	21.54	WGS84
smhi:ocr:28	smhi:0039	Candidatus_Aquiluna	genus	Bacteria	Actinobacteria	Actinobacteria	Micrococcales	Microbacteriaceae	Candidatus_Aquiluna	https://github.com/nf-core/ampliseq/blob/master/README.md	16S rRNA bla di bla annotated bla di bla	14	DNA sequence reads	599	DNA sequence reads	MaterialSample	https://www.ebi.ac.uk/ena/data/view/ERS3334815	FerryBox system mounted on a cargo vessel, https://doi.org/10.1016/j.jmarsys.2016.05.002.	2017-03-10T18:03+0100	Baltic Sea	SE	63.83	21.54	WGS84
smhi:ocr:29	smhi:0039	Candidatus_Aquiluna	genus	Bacteria	Actinobacteria	Actinobacteria	Micrococcales	Microbacteriaceae	Candidatus_Aquiluna	https://github.com/nf-core/ampliseq/blob/master/README.md	16S rRNA bla di bla annotated bla di bla	19	DNA sequence reads	599	DNA sequence reads	MaterialSample	https://www.ebi.ac.uk/ena/data/view/ERS3334815	FerryBox system mounted on a cargo vessel, https://doi.org/10.1016/j.jmarsys.2016.05.002.	2017-03-10T18:03+0100	Baltic Sea	SE	63.83	21.54	WGS84
smhi:ocr:30	smhi:0039	Mycobacterium	genus	Bacteria	Actinobacteria	Actinobacteria	Corynebacteriales	Mycobacteriaceae	Mycobacterium	https://github.com/nf-core/ampliseq/blob/master/README.md	16S rRNA bla di bla annotated bla di bla	57	DNA sequence reads	599	DNA sequence reads	MaterialSample	https://www.ebi.ac.uk/ena/data/view/ERS3334815	FerryBox system mounted on a cargo vessel, https://doi.org/10.1016/j.jmarsys.2016.05.002.	2017-03-10T18:03+0100	Baltic Sea	SE	63.83	21.54	WGS84
